title,speaker,hall,companies,date,start_time,end_time,category,conf,text
State of Mobile Dev 2025 Autumn от Программного комитета Mobius,"Андрей Дмитриев, Юрий Дубовой, Кирилл Клебанов
",1,"JUG Ru Group, Делимобиль",18-11-2025,10:00,10:45,,Mobius,"Весной мы запустили TechRadar, чтобы изучить рынок мобильной разработки и выяснить, какие инструменты и подходы вы предпочитаете. На открытии конференции поделимся с вами результатами этого исследования.

Кроме того, расскажем о расписании, сессиях и других деталях. Приходите в зал или подключайтесь онлайн, чтобы узнать, что ждет вас в ближайшее время!"
Волновая архитектура на практике,Юрий Дубовой,1,Делимобиль,18-11-2025,10:55,11:40,Architecture,Mobius,"В прошлом сезоне мы увидели Дракона сложности, который живет в стейт-машинах. Дракон не злой и не добрый, он — часть природы мира, и с ним бесполезно сражаться. Слабого сложность поглотит, а сильный — в случае победы — сам станет Драконом. Это происходит снова и снова: OOP, FP, DDD, любые подходы и фреймворки, созданные для борьбы со сложностью, в итоге обрастают собственной — инструментальной, не меньшей, чем та, с которой они пытались справиться.

Мы инстинктивно пытаемся приручить и уменьшить Дракона с помощью закона больших чисел, намеренно упрощая модель предметной области и модель поведения пользователей за счет статистики. Это выхолащивает разнообразие фич, сценариев поведения, интерфейсов. В наших сервисах выживает только математически оптимальное, то есть усредненное, стерильное. В итоге мы обнаруживаем себя в мире монструозных супераппов, удивительно похожих друг на друга. А ведь всего 10–15 лет назад мобильная разработка была бурлящим котлом разнообразия!

В одинаковости и похожести кроется опасность. Если в такую вырожденную экосистему влетает Черный лебедь, она погибает целиком, потому что в ней слишком мало видов и в изменившихся условиях просто некому эволюционировать.

Сегодня мы можем все исправить. Волновая модель способна изменить наш подход к работе и дать прочную основу для персонализации сервисов. Мы не будем сражаться с Драконом сложности, мы не будем его приручать — мы обойдем Дракона по волновому мосту. В докладе я покажу, как построить такой мост на практике."
AntiSOLID,Данил Перевалов,1,Циан,18-11-2025,12:00,12:45,Architecture,Mobius,"Все с пеленок знают о принципах SOLID. Они должны служить улучшению нашего кода, но что, если я скажу, что слепое следование этим принципам может убить ваш код?

Посмотрим на обратную сторону SOLID — концепт AntiSOLID. Это набор антиприципов, которые помогут вам писать живой, поддерживаемый и вменяемый код. Концепт изначально был придуман для C#, но в этом докладе все антипринципы мы будем рассматривать применительно к мобильной разработке."
kotlinx.fuzz: Why Fuzz Testing Matters,Александр Соколинский,1,Coffee&Code,18-11-2025,13:15,14:00,Architecture,Mobius,"Обсудим, что такое Fuzz Testing, какие баги с помощью него были найдены в реальном мире и как с ними помогает библиотека kotlinx.fuzz, которая вышла в публичный релиз 4 апреля 2025 года."
Новая эра мобильной разработки: запускаем LLM локально на телефоне,Самир Ахмедов,1,Surf,18-11-2025,14:30,15:15,Trends,Mobius,"Мы живем в абсолютно удивительной новой эре больших языковых моделей. Они становятся все эффективнее, доступнее и ближе простому обывателю за счет сжатия моделей и распространения моделей телефонов, обладающих достаточными мощностями. Расскажу для нативщиков и кроссплатформщиков, почему локальные LLM — тренд очень скорого будущего, как уже сейчас можно запихнуть интеллект в приложение на разных технологиях и что он умеет."
Crash Reporting 101,Виктория Длугопольская,1,Т-Банк,18-11-2025,15:45,16:30,Infrastructure,Mobius,"Расскажу, как мы делали сервис краш-репортинга для мобильных приложений на базе нашей платформы наблюдаемости Sage. Откуда возникла потребность в отдельном сервисе и почему было недостаточно решения, которое хорошо зарекомендовало себя для серверных приложений. Рассмотрим, с помощью каких open source-компонентов можно реализовать аналогичный сервис у себя и как, используя наш опыт, сделать такой сервис стабильным и не доставляющим проблем.

Объясню, почему выбрали Sentry SDK, как учились группировать ошибки, деобфусцировать стектрейсы и считать корректную статистику. Почему процессить iOS сложнее и дороже и какие дополнительные проблемы пришлось решать для этой платформы. В конце расскажу, почему к нам в итоге (внезапно) стали подключаться и серверные приложения, куда мы решили развивать сервис и как смотрим на OpenTelemetry.

Доклад будет полезен разработчикам, которые занимаются надежностью мобильных приложений, чтобы заглянуть «под капот» сервисов краш-репортинга. И инженерам, которые отвечают за системы мониторинга в компаниях, разрабатывающих мобильные приложения. "
Использование AI в процессах разработки,"Александр Юдин, Сергей Кузнецов",1,VK/RuStore,18-11-2025,17:00,17:45,Trends,Mobius,"Расскажем о том, как использовать AI в процессах разработки."
Камера в KasperskyOS Mobile,Игорь Пчельников,1,Kaspersky,18-11-2025,18:15,19:00,Under the Hood,Mobius,"Исследовательский проект мобильной операционной системы на базе KasperskyOS продолжает активно развиваться и обрастать новыми сервисами. KasperskyOS — не очередной дистрибутив Linux или AOSP. Это микроядерная операционная система, в которой все процессы изолированы, а взаимодействия между ними строго контролируются специальным модулем безопасности.

Для разработки приложений под ОС с не самым мейнстримным дизайном необходимо разбираться не только в устройстве самой операционки, но и хорошо понимать архитектуру железа, в этом случае — стек камеры на мобильном устройстве."
"N техник, которые улучшат работу видеоленты",Рамиль Габдрахманов,2,Yandex Infrastructure,18-11-2025,12:00,12:45,Under the Hood,Mobius,"Расскажу, как «под капотом» устроены ленты коротких видео в Яндексе, какие оптимизации и хитрости используются и о том, что замеряем, чтобы улучшаться. Будет интересно в первую очередь Android-разработчикам: вы почерпнете конкретные техники, направленные на улучшение работы видео, и сможете применить их у себя в приложениях, которые работают с видео. Разработчики iOS и других платформ также смогут перенять опыт, так как сами идеи — кроссплатформенные, да и в проде мы применяем их в Android, iOS и Web.

От вас не ожидается глубоких знаний о каком-то конкретном стандарте видеостриминга. Будет интересно послушать, даже если совсем нет опыта в видео — как минимум, чтобы расширить кругозор и обрести представление о том, какие проблемы решают коллеги."
Кастомим пейнтер через CustomPainter,Айнур Ильясов,2,Surf,18-11-2025,13:15,14:00,Under the Hood,Mobius,"Иногда при разработке Flutter-приложений нам недостаточно простого использования виджетов. В таких случаях нам может помочь CustomPainter.

В докладе:

познакомимся с CustomPainter;
научимся реализовывать анимации;
рассмотрим способы оптимизации CustomPainter и его влияние на перформанс приложения;
покопаем вглубь и познакомимся с более низкоуровневыми сущностями."
"Фильтры для лица под капотом: Vision, сегментация и шейдеры в бою",Владислав Марков,2,Coffee&Code,18-11-2025,14:30,15:15,Under the Hood,Mobius,"Обычно iOS-разработчик пишет экраны и работает с API, но что есть за пределами таких задач? Мир компьютерного зрения и графики, где математика перестает быть абстрактной: линейная алгебра и тригонометрия оживляют мимику, а оптимизация превращается в шейдеры на GPU.

В докладе разберем, как устроены фильтры для лица под капотом: от трекинга лица и сегментации через Core ML до реалистичных фильтров.

Рассмотрим два подхода: 

На основе face landmarks с точечной обработкой разных зон лица.
На основе сегментационных моделей с цветовой обработкой разных сегментов.
Особое внимание уделим технической реализации: как работает Vision, как устроены сегментационные Core ML-модели и как писать собственные шейдеры для CIKernel, чтобы добиться максимальной производительности."
KMP в X5 Tech: переход бигтеха на новые технологии,"Анна Жаркова, Павел Баранов, Юрий Гришин, Дмитрий Алексеенков, Денис Александров",2,"ГК Юзтех, X5 Tech",18-11-2025,15:45,16:30,Trends,Mobius,"Если все еще сомневаетесь в KMP и хотите узнать больше о кроссплатформенной разработке — приходите на круглый стол. Команда тимлидов из X5 расскажет, как использует KMP для разработки B2B- и B2C-приложений. Анна Жаркова из ГК Юзтех поделится примерами, которые она описала в книге «Kotlin Multiplatform на практике». Обсудим секреты миграции, типичные ошибки и написание проектов с нуля. 

После круглого стола Анна подпишет книги всем желающим."
Реализация Flutter CLI для ОС Аврора,Никита Красавин,2,Открытая мобильная платформа,18-11-2025,17:00,17:45,Under the Hood,Mobius,"Для кроссплатформенного фреймворка крайне важна качественная реализация CLI. Flutter имеет готовое решение — Flutter CLI, компонент фреймворка, который позволяет разработчикам взаимодействовать с функциями Flutter SDK. Для поддержки платформоспецифичных функций — таких как сборка и установка приложений, работа с устройствами — Flutter использует CLI и API конкретной платформы. В докладе расскажу об организации и реализации основных функций Flutter CLI для поддержки новой платформы и о том, как расширить функциональность Flutter CLI под свои нужды. Приведу примеры реализации для ОС Аврора.

Будет полезно Flutter-разработчикам, разработчикам приложений для ОС Аврора, разработчикам фреймворков.

Используемые технологии: Flutter, Dart, Flutter CLI, Аврора SDK."
Раскрываем секреты: какие инструменты дизайн-системы помогут каждому,"Алевтина Чугунова, Алексей Бубляев",2,Сбер,18-11-2025,18:15,19:00,UX/UI in Mobile Development,Mobius,"Дизайн-система значительно повышает эффективность работы команды разработчиков. Она предоставляет прочную основу правил и стандартов, благодаря которым разработчики могут быстро принимать решения и сокращать время вывода новых функций.

В процессе создания нашей дизайн-системы мы столкнулись с рядом трудностей. Стандартные инструменты оказались недостаточными для решения некоторых задач, и мы решили разработать собственные, которыми хотим с вами поделиться. Эти инструменты упрощают работу с дизайн-системой, делают процесс тестирования интерфейсов более быстрым и удобным и, как бонус, позволяют классно представлять нашу систему другим командам."
Между offline и online: магия согласованного кеша,Александр Бисеров,3,VK,18-11-2025,12:00,12:45,Architecture,Mobius,"Существуют приложения, в которых пользователям нужен доступ к данным даже без сети. Для этого часто используют сложные схемы кеширования на базе SQLite. Но настоящие проблемы начинаются тогда, когда приложение возвращается в online. Можно ли доверять сохраненным данным? А если нет — какие именно нужно обновить, а какие оставить?

В докладе разберем, как хранить и актуализировать данные между сессиями. Посмотрим на реальные кейсы, сравним подходы к синхронизации и честно обсудим их плюсы и минусы"
"SwiftUI: Scroll, Text и немного магии",Татьяна Благообразова,3,"Сбер, Цифровой корпоративный банк",18-11-2025,13:15,14:00,UX/UI in Mobile Development,Mobius,"«Комьюнити, или Сообщество предпринимателей» — маленький стартап в большом проекте СберБизнес.

Расскажу, с какими интересными и нестандартными задачами мы столкнулись и как выполняли их на SwiftUI.

Будет про:

взаимоотношения со Scroll;
оригинальное использование ContentShape;
то, что надо знать про Text, делая социалку и не только. Как уживаются в одном тексте маркдауны, модификаторы и AttributedString.  Чего ждать от TextRenderer и облегчит ли он нам жизнь.
Вас ждет не просто интересный технический доклад, но и полезные примеры кода из доклада на GitHub."
А это понадобится после собеседования?,"Александр Гирев, Абакар Магомедов",3,"Wildberries & Russ, Альфа-Банк",18-11-2025,14:30,15:15,General,Mobius,"Порой кандидаты удивляются: зачем спрашивать на собеседованиях то, что никогда не понадобится на проекте? Обсудим несколько кейсов, когда технические знания, проверяемые на интервью, могут пригодиться при разработке приложений, причем иногда самым неожиданным образом"
"Мы пилили монолит. Много нас, а он один",Алексей Приходько,3,Яндекс,18-11-2025,15:45,16:30,Architecture,Mobius,"Расскажу про эволюцию Яндекс Смены. Как мы сначала впопыхах напилили монолит, а потом сквозь боль и слезы набирались опыта и уходили от монолита в сторону распределенной архитектуры."
Как мы ускоряем наши умные устройства,Павел Полищук,3,Яндекс,18-11-2025,17:00,17:45,Under the Hood,Mobius,"Когда пользовательские сценарии затрагивают сразу несколько процессов и голосовое взаимодействие является неотъемлемой частью сценария — как обеспечить пользователю лучший опыт? Поделюсь, как мы в Яндексе проходили путь улучшений в области скорости взаимодействия. Расскажу:

Как специфика работы умных устройств повлияла на наши методы.
Как мы строим и валидируем end-to-end-метрики, чтобы всегда быть в курсе динамики производительности.
Какие подходы используем для анализа медленных пользовательских сессий и как Perfetto помогает выявлять узкие места.
Покажу примеры улучшений сценария запуска Главного экрана и голосовых сценариев."
Онлайн-определитель номеров: секреты реализации Live Caller ID для iOS,Глеб Фандеев,3,Яндекс,18-11-2025,18:15,19:00,Under the Hood,Mobius,"Обзор реализации функции Live Caller ID на платформе iOS. Эта функция позволяет идентифицировать и блокировать нежелательные звонки в режиме реального времени.

Рассмотрим технические аспекты интеграции функции в мобильное приложение и то, как устроена технология «под капотом», включая использование прокси-серверов на стороне Apple для сокрытия IP-адресов пользователей, анонимной аутентификации и гомоморфного шифрования в совокупности с протоколом private information retrieval для обеспечения конфиденциальности данных. Затронем взаимодействие с Apple и особенности работы с их API и сравним с аналогичными возможностями в Android.

Доклад будет интересен разработчикам мобильных приложений, специализирующимся на вопросах безопасности, клиент-серверного взаимодействия, а также разработчикам средств автоматической защиты от спама."
"Когда структуры в Swift — не твои бро
",Сергей Черепанов,1,"Альфа-Банк
",19-11-2025,10:30,11:15,Under the Hood,Mobius,"Расскажу, что такое карта линковки и как с ее помощью находить код, сильнее всего увеличивающий размер приложения. Продемонстрирую особенности компилятора Swift и ситуации, когда для обычных структур генерируются десятки мегабайт бинарного кода. Покажу, как мы боролись с этой проблемой в iOS-приложении Альфа-Банка, сколько строк кода пришлось переписать и на сколько мегабайт уменьшилось приложение. Спойлер: оно того стоило!"
Проблемы геймификации мобильного приложения,Алексей Цуцоев,2,KODE,19-11-2025,10:30,11:15,Trends,Mobius,"Как встроить полноценную мини-игру в React Native-приложение, не будучи геймдевом? В докладе — реальный опыт команды, которая реализовала игровую механику в живом финтех-приложении, протестировала три подхода — Unity, React Native Game Engine, Godot — и прошла через CI/CD-ад, вес в 800 MB, отсутствие поддержки симуляторов и «патчи с любовью». Мы не дошли до production с Unity, но прошли путь, который теперь может сэкономить вам недели. А может, и отговорить от решения, о котором вы позже пожалеете."
Подменяем зависимости не оставляя следов,Александр Цикин,3,Т-Банк,19-11-2025,10:30,11:15,Infrastructure,Mobius,"Наш проект — это мультирепа, где отдельные репозитории — не только core-компоненты, но и активно меняющиеся фичи. Довольно часто перед нами стоит задача интегрировать изменения в конечное приложение, и на время разработки интеграции хочется иметь доступ к еще неопубликованной функциональности. В этом нам помогают локальные снапшоты, но они не всегда удобны.

В докладе рассмотрю альтернативный вариант доставки еще неопубликованной функциональности в конечный проект, который дает нам Gradle. Также разберем, как с помощью Gradle нам удается подменять необходимые зависимости на локальные проекты без каких-либо изменений в конечном.

В процессе увидим, как благодаря такому подходу мы научились объединять проекты в одной IDE, чтобы работать с ними как с одним целым."
"Сколько стоит BDUI?
","Алексей Герман, Науруз Гулиев",1,"Альфа-Банк
",19-11-2025,11:45,12:30,UX/UI in Mobile Development,Mobius,"Если вы размышляете о внедрении BDUI-фреймворка для ускорения процессов разработки, наш опыт может быть вам полезен. Мы в Альфа-Банке с 2020 года создаем и развиваем свою BDUI-экосистему.

Наш доклад будет посвящен архитектуре этого решения, обзору всех ключевых компонентов и связям между ними — от дизайн-системы и общего репозитория до скриншот-тестов и Kotlin DSL, а также тем вызовам, которые нам пришлось преодолеть.

В завершение мы рассмотрим доступные опенсорс-альтернативы и поразмышляем над тем, стоит ли в 2025 году разрабатывать свой фреймворк или лучше использовать готовые решения."
(Не)очевидные связи: визуализация бизнес-логики через код,Игорь Лизунов,2,Т-Банк,19-11-2025,11:45,12:30,Under the Hood,Mobius,"С ростом мобильного проекта неизбежно наступает момент, когда сложность бизнес-логики достигает такого уровня, что даже опытные разработчики не могут удержать в голове всю картину взаимодействий. Это приводит к медленному онбордингу новичков, которые долго разбираются в связях между компонентами, а также к сложному рефакторингу, в результате которого неочевидные зависимости ломают половину приложения.

В докладе поделюсь нашим опытом создания инструмента, который автоматически преобразует связи в коде в интерактивный граф. Покажу, как Kotlin Embedded Compiler Plugin, анализ PSI-дерева и интеграция с Android Studio позволили создать живую документацию, которая никогда не устаревает, и дали возможность видеть архитектуру глазами компилятора — со всеми связями и зависимостями."
Неочевидное решение очевидной проблемы: грузим файлы,Ярослав Кулинич,3," VK
",19-11-2025,11:45,12:30,Under the Hood,Mobius,"Как простая бизнес-задача поддержки параллельной загрузки файлов вылилась в глубокий ресерч и проработанное решение. Вместо старого Java-аплоадера на OkHttp получилось реализовать легкий и гибкий coroutine-first аплоадер на базе java.nio и собственной TLS-обертки.

Также покажу, как минимизировать лишние аллокации и добиться максимально стабильной работы на слабых сетях, даже при аплоаде файлов в 4ГБ."
Защищаем ресурсы Android-приложений с Runtime Resource Overlay,Алёна Склярова,1,Positive Technologies,19-11-2025,13:00,13:45,Product Quality,Mobius,"Расскажу о малоизвестном, но мощном механизме операционной системы Android — Runtime Resource Overlay (RRO). Он позволяет приложению модифицировать собственные ресурсы и ресурсы других приложений на лету, без необходимости повторной компиляции.

RRO имеет большой потенциал для защиты ресурсов приложения. Например, можно хранить данные в зашифрованном виде и расшифровывать их только при запуске приложения через наложение оверлея ресурсов. Такая динамическая подмена ресурсов значительно затрудняет реверс-инжиниринг мобильного приложения.

Продемонстрирую несколько интересных баг в операционной системе, которые позволяют запрещать установку приложения на определенных устройствах, а также удалять приложение без взаимодействия с пользователем.

Доклад будет полезен разработчикам Android-приложений и мобильных ОС, исследователям безопасности и всем, кто интересуется безопасностью ОС и нестандартными подходами к защите мобильных приложений."
Зачем и как вам контрибьютить в open source,Даниил Липаткин,2,Яндекс Доставка,19-11-2025,13:00,13:45,Trends,Mobius,"Open source двигает индустрию и вашу карьеру. На реальных примерах покажу, почему контрибьют — это не страшно и не «для избранных», а выгодно лично вам.

Разберем быстрый путь от «хочу помочь» до первого принятого PR: как выбрать проект, где искать задачи, какие есть форматы вклада помимо кода, что важно знать о правилах репозиториев и ревью. Немного поговорим про Git/GitHub-практики, коснемся мобильной части, включая Flutter, и соберем чек-лист, с которым вы сможете сделать первый вклад в тот же вечер."
Privacy-First AI on iOS: Building On-Device LLM Experiences with Swift + Core ML,Amitesh Mani Tiwari,3,"Angel One
",19-11-2025,13:00,13:45,Trends,Mobius,"Privacy issues with cloud-based LLMs like ChatGPT are becoming more prevalent as AI gets more pervasive. A strong substitute is provided by Apple's on-device AI approach, which is fueled by Core ML and Swift. In order to avoid cloud fees, latency, and data privacy concerns, this talk delves deeply into running large language models (LLMs) only on iOS devices.

What we'll cover:

Why on-device LLMs are important: offline functionality, cost savings, and privacy advantages.
Core ML Optimization: how to compress and convert Hugging Face models like Mistral and Phi-3 for iOS, including Metal GPU acceleration and 4-bit/8-bit quantization.
Swift integration: developing a responsive SwiftUI chatbot that manages memory, generates text in real time, and uses local LLM inference.
Challenges and solutions: using Apple's MLX framework, fallbacks for older devices, and tradeoffs between model size and speed.
The talk includes a live demo of a fully offline ChatGPT-like app running on an iPhone, plus benchmarks across devices. You will leave with actionable steps to implement private, efficient AI in your apps—no server required. Key takeaways:

Practical steps to deploy LLMs on iOS using Core ML + Swift.
Techniques to balance model size, speed, and accuracy.
Future-proofing apps for Apple’s on-device AI roadmap.
Target audience: intermediate/advanced iOS developers interested in AI, privacy, or cutting-edge Swift capabilities. "
Живая картинка: анимации и эффекты в кроссплатформенном BDUI-движке,Алексей Телышев,1,Альфа Банк,19-11-2025,14:15,15:00,UX/UI in Mobile Development,Mobius,"Разберу, как вдохнуть жизнь в интерфейсы с помощью анимаций и эффектов в кроссплатформенном BDUI-движке. Вы узнаете о трудностях создания универсального API, который работает на Android и iOS, и о том, как преодолеть технические вызовы. Обсудим:

1. Механизм переворачивания картинки: как реализовать эффект вращения изображения и других вью-элементов, сохранив единый подход для обеих платформ.

2. Таймер в интерфейсе: тонкости внедрения таймеров, которые синхронизируются и выглядят одинаково на Android и iOS.

3. Анимации в BDUI: процесс интеграции плавных и выразительных анимаций, которые делают интерфейс интерактивным и привлекательным.

4. Эффект блюра: секреты создания стильного размытия, которое не только радует глаз, но и работает эффективно на разных устройствах."
Разработка виджетов в Android: что может пойти не так,Александр Гирев,2,"Wildberries & Russ
",19-11-2025,14:15,15:00,UX/UI in Mobile Development,Mobius,"На собеседованиях часто задают вопрос: «Какой реализованной фичей ты гордишься больше всего?» Я часто по-доброму завидовал кандидатам, когда они рассказывали, с какими крутыми вещами им довелось поработать. В прошлом году такая вкусная задача появилась и в моем резюме: я разработал виджет рабочего стола для нашего приложения.

Обсудим, с какими нюансами и трудностями можно столкнуться при разработке виджетов и почему подобные задачи важны для профессионального роста."
Твое первое приложение на KMP для ОС Аврора,Денис Глазков,3,Открытая мобильная платформа,19-11-2025,14:15,15:00,Under the Hood,Mobius,"Речь пойдет о перспективах адаптации фреймворка Kotlin Multiplatform под ОС Аврора и о том, как выглядит создание KMP-приложения с точки зрения мобильного разработчика.

Поговорим об инструменте QtBindings, который позволяет связать бизнес-логику на KMP с графическим интерфейсом на Qt/QML. Покажу, как использовать API ОС Аврора на стороне Kotlin. Бонусом расскажу о текущем статусе поддержки Compose Multiplatform и о том, как уже сегодня можно писать приложения на CMP под ОС Аврора.

Доклад будет полезен тем, кто хочет разрабатывать приложения под ОС Аврора, сохраняя привычный стек технологий и язык программирования, а также тем, кто планирует портировать существующие KMP-приложения на эту операционную систему."
Java-Swift interop vs Kotlin-Swift export. Путь к сингулярности,Анна Жаркова,1,ГК Юзтех,19-11-2025,15:30,16:15,Under the Hood,Mobius,"Компания JetBrains анонсировала выпуск полноценного прямого экспорта из Kotlin/Native в Swift к осени 2025 года. Такое решение поможет ускорить компиляцию кроссплатформенных библиотек для iOS, а также решит ряд проблем с производительностью и управлением памятью.

Это решение со стороны Kotlin. Но знали ли вы, что решения для использования Swift для Android существуют давно? Это и поддержка работы со Swift standard library (stdlib), и работа с кодом через C/C++ и JNI. В 2025 году Apple подготовили мощный инструмент SwiftJava, который позволит конвертировать код между языками и переиспользовать кодовую базу другой технологии, делать код общим, но без использования KMP.

Какое же решение лучше и когда стоит использовать то или иное? В докладе расскажу о различиях между работой нового инструмента для конвертации кода из Java в Swift и обратно и прямым экспортом Kotlin-Swift. Поговорим о том, как можно использовать эти решения на практике, как и когда их использовать в приложениях Android и iOS, в том числе через Gradle и SPM, и что лучше: натив или кроссплатформа. Обсудим плюсы, минусы, ограничения и лучшие практики."
От личной продуктивности к командной: сила шаблонизации в IDE,Никита Каплицкий,2,Coffee&Code,19-11-2025,15:30,16:15,Trends,Mobius,"Одной из ключевых проблем в разработке остается большое количество рутинного, шаблонного кода (boilerplate), который замедляет работу и увеличивает вероятность ошибок. В докладе мы рассмотрим, как системный подход к созданию и использованию шаблонов в IDE позволяет кардинально решить эту проблему, а создание общей базы шаблонов поможет одновременно достичь нескольких целей: значительно ускорить разработку, стандартизировать процессы в команде и упростить адаптацию новых сотрудников.

Мы детально разберем этот подход на практическом примере организации presentation-слоя и UDF-архитектуры. Вы узнаете о практиках создания и структурирования шаблонов, способах хранения и синхронизации внутри команды, а также о том, как качественнее «продавать» технические решения своей команде.

Доклад будет особенно полезен разработчикам, стремящимся минимизировать свою рутину, и техлидам, заинтересованным в повышении общей эффективности команд."
Путь инди-хакера,Александр Гращенков,3,RoadAR,19-11-2025,15:30,16:15,Product Quality,Mobius,"Тема инди у нас почти не обсуждается. Лишь немногие разработчики после работы находят в себе интерес заниматься своими проектами. Еще меньше тех, кто решает довести дело до пользователей и залить проект в App Store. И совсем единицы зарабатывают на этом. Расскажу о своем опыте и поделюсь наработками для быстрого старта.

В докладе будет много всего: ASO, идеальный онбординг, paywall, ASA, TikTok и много историй приложений, попавших и не попавших в App Store."
"День, когда API-ключ ушел в свободное плавание: сценарии атак мобильных приложений глазами хакера",Сергей Арефьев,1,BI.ZONE,19-11-2025,16:45,17:30,Product Quality,Mobius,"Почему стоит думать о безопасности мобильных приложений еще на этапе разработки? В докладе я предлагаю посмотреть на мобильное приложение так, как это делает злоумышленник: изучим, где и как можно атаковать приложение, что из этого можно извлечь и какие ошибки могут дорого обойтись разработчику.

Это будет выполнено на примерах реальных уязвимостей из практики. Разберем поверхность атак на мобильные приложения — подробно расскажу о:

0-click атаках, которые не требуют взаимодействия пользователя;
1-click атаках, при которых пользователь взаимодействует с вредоносной ссылкой или компонентом;
других векторах — злоумышленном ПО, атаках с физическим доступом.
Рассмотрим примеры реальных уязвимостей, которые могут быть обнаружены в приложении. Поговорим, к чему они могут привести и как можно от них защититься.

Будет интересно мобильным разработчикам, инженерам по безопасности и архитекторам, которым важно понимать, как их решения могут быть использованы против них.

Технологии: Kotlin/Java, Android SDK, ProGuard, WebView, adb и Frida, mitmproxy."
Один code style для всех: как укротить SwiftLint в масштабах компании,Артем Вичужанин,2,"Naumen
",19-11-2025,16:45,17:30,Under the Hood,Mobius,"Каждая команда настраивает SwiftLint по‑своему, и со временем вместо единого стандарта вы получаете десятки разрозненных конфигов. В одних проектах одни правила, в других — совсем другие. В итоге ревью сводится к бесконечным дискуссиям о стиле, новые разработчики теряются в локальных хитростях, а корпоративные стандарты остаются только на бумаге.

В докладе расскажу, как навести порядок с помощью Remote Configs в SwiftLint. Я построил систему, где правила управляются централизованно, но при этом у команд остается возможность гибко расширять их под свои задачи. В основе — единый репозиторий с конфигурациями в GitLab.

Покажу реальную архитектуру, примеры интеграции и подводные камни, которые стоит учесть. Вы узнаете, как перейти от хаоса разрозненных lint-правил к прозрачной иерархии: корпоративные → подразделения → команды → проекты.

Результат — единый code style во всей компании, меньше споров на ревью, быстрее онбординг и более предсказуемое качество разработки."
Дизайн—код. На пути к экосистеме,"Дмитрий Строков, Александр Шовтюк",3,Финам,19-11-2025,16:45,17:30,UX/UI in Mobile Development,Mobius,"Сегодня цифровые продукты растут быстрее, чем когда-либо, и чем больше сервисов, тем сложнее сохранять единый пользовательский опыт. В Финаме мы прошли путь от отдельных продуктов с разрозненным UI к попытке выстроить единую экосистему.

01. Дизайн

Мы разберёмся, почему разрозненность возникает на уровне интерфейсов, объясним, как дизайн-система становится инструментом выравнивания визуального и продуктового слоя. Коротко пройдём по её архитектуре: палитра, токены, темы и принципы, которые задают единый язык для всех команд.

02. Разработка

Затем перейдём к тому, как дизайн передаётся в код. Покажем, как мы используем Figma API, генерацию Dart-токенов и архитектуру Flutter, чтобы снижать расхождения между макетами и продуктом.

03. Стратегия

В завершение обсудим, как измерять прогресс. Разберём виды консистентности и посмотрим на модель зрелости, которая помогает оценивать состояние процессов, понимать зону роста и выстраивать развитие экосистемы как долгосрочную стратегию, а не набор точечных улучшений.

Доклад будет полезен всем, кто работает на стыке дизайна и разработки и ищет практический путь к экосистеме, где решения синхронизируются от макета до продакшен-кода."
"Биохакинг: можно ли заставить организм делать то, что он не хочет?","Алексей Водовозов, Андрей Дмитриев",1,"JUG Ru Group
",19-11-2025,18:00,18:45,Biohacking,Mobius,"Хочешь спать по четыре часа, бегать марафоны, не стареть и держать голову ясной до глубокой ночи? Биохакинг обещает все это — и даже больше. Но что из этого реально работает, а что — миф, замешенный на тревоге, маркетинге и недоверии к врачам?

Алексей Водовозов — врач, медицинский журналист, автор книги «Пациент разумный» и блога «Смотровая Военврача» — предлагает отложить БАДы, выключить подкаст с бывшим айтишником — биохакером и заглянуть в научные данные.

Где кончается самовнушение и начинается физиология? Почему анализы — это не инструкция к действию? И можно ли вообще «взломать» тело, не сломав его по пути?"
Закрытие конференции Mobius 2025 Autumn,"Юрий Дубовой, Кирилл Клебанов
",1,"Делимобиль
",19-11-2025,18:50,19:05,,Mobius,"Подводим итоги, вспоминаем яркие моменты и рассказываем о дальнейших планах. Приходите в зал или подключайтесь к трансляции, чтобы ничего не пропустить!"
State of Testing 2025 от Программного комитета Heisenbug,"Юлия Атлыгина, Андрей Дмитриев",1,"Tempo, JUG Ru Group",19-11-2025,10:30,11:15,,Heisenbug,"Развитие технологических решений не всегда происходит очевидным образом. Чтобы осознанно выбирать, чем пользоваться, нужно иметь широкий кругозор, уметь сравнивать и подкреплять выбор аргументами. А еще важно следить за тем, что происходит вокруг: какие технологии сейчас устаревают, а каким появляются лучшие альтернативы и почему.

Да и вообще интересно, чем другие пользуются и как.

Поэтому мы в Программном комитете Heisenbug и затеяли опрос TechRadar — исследование о том, какие технологии и методики мы используем в тестировании. Мы рассказывали о нем в наших соцсетях и рассылках. А теперь готовы поделиться его результатами с вами."
"Автоматический Test Impact Analysis","Алексей Романов, Игорь Балагуров",1,"Ozon Банк",19-11-2025,11:45,12:30,Automation,Heisenbug,"Речь пойдет об автоматическом анализе изменений исходного кода разработки для определения измененных эндпоинтов и операций для выбора минимального количества тестов для запуска на релиз. Расскажу про AST, LSP, работу с деревьями, изменениями в рамках git diff, асинхронными операциями.

Доклад построен на базе языка Go, но подход универсален и работает с любым популярным ЯП (со своими нюансами). О подходе к выбору тестов я рассказывал в предыдущих докладах."
"Почему ваш сайт ломается, когда его трогают пальцем
","Полина Цуканова, Татьяна Романова",2,"Selectel, Ozon Банк",19-11-2025,11:45,12:30,Best Practices,Heisenbug,"Объясню, почему эмуляторы, симуляторы и DevTools не всегда отображают баги, специфичные для мобильных браузеров. Расскажу про историю развития мобильных браузеров и о том, как архитектура iOS и Android влияют на работу мобильного веба и PWA. Разберу связанные с этим баги.

Покажу инструменты для тестирования мобильного веба на реальных устройствах и расскажу, для каких случаев достаточно симуляции, а для каких стоит использовать реальные устройства."
"
Broken access control через уязвимости бизнес-логики","Анна Куренова, Александра Сватикова",3,"ATI.SU, Т-Банк",19-11-2025,11:45,12:30,Security,Heisenbug,"Уязвимости класса Broken Access Control (BAC) постоянно занимают лидирующие позиции в рейтинге OWASP Top 10. В 2022 году я уже делала мастер-класс «Поиск уязвимостей IDOR (BOLA)», посвященный этой теме. В этот раз хочу затронуть проблемы гораздо глубже, чем простые ошибки в реализации авторизации.

Этот доклад посвящен менее очевидной, но крайне опасной категории угроз — Broken Access Control, возникающему из-за недостатков в самой бизнес-логике приложений.

Рассмотрим на примерах из багбаунти и реальных проектах, какие проблемы бизнес-логики приводят к BAC. Среди них:

Дефолтные права;
Интеграция;
Автопродление;
Коллизии прав доступа;
Отобрали права;
Проблемы последовательности;
Обработки ошибок
Цель доклада — научить мыслить «как хакер», выявляя скрытые логические цепочки, которые могут быть эксплуатированы для нарушения контроля доступа. Надеюсь, после моего мастер-класса команды разработки будут задумываться о разобранных проблемах в своих приложениях."
Как вдвоем протестировать игровой движок за 3 месяца,"Сергей Токмаков, Данил Токмаков",1,Blackhub Games,19-11-2025,13:00,13:45,GameDev,Heisenbug,"Свой движок — свои правила: как мы создавали и тестировали технологическое ядро Black Russia

Зачем вообще нужны игровые движки и почему в Blackhub Games мы решили создать собственный? Мы поделимся историей о том, как шаг за шагом строили движок, способный выдерживать тысячи игроков на одной карте и запускаться даже на самых неожиданных устройствах.

На этом пути были и сложные технические задачи, и организационные вызовы — от нехватки ресурсов до необходимости тестировать всё «на живую». Тут на сцену вышли наши 30 юных, но крайне мотивированных бета-тестеров — и превратили процесс в настоящий игровой марафон, помогая находить такие баги, о которых мы даже не подозревали.

Расскажем, как QA-команда подключилась к разработке с первых шагов, какие приёмы и лайфхаки помогли нам пережить цейтнот и ограниченные ресурсы."
Четыре всадника Android-приложения: особенности тестирования ключевых компонентов,"Александр Петров, Александра Качина",2,"VK
",19-11-2025,13:00,13:45,Mobile,Heisenbug,"Многие инженеры по мобильному тестированию ограничиваются механическим кликаньем по экрану. Но за качественным тестированием скрыта четкая система, и знание этой системы отличает специалистов высокого уровня.

Простым и понятным языком разберем, как базовые компоненты Android-приложений напрямую связаны с тестированием и как их понимание помогает находить баги, которые упускают другие. Вы узнаете:

что такое Activity, Service, BroadcastReceiver и ContentProvider — без академических определений, только то, что важно для тестировщика;
как каждый компонент влияет на поведение приложения и где кроются потенциальные ошибки;
как использовать adb и другие инструменты для имитации реальных сценариев и проверки корректности работы.
Далее мы углубимся подробнее в кейсы и разберем каждый компонент:

Activity. Жизненный цикл и связь поворотом экрана, входящий звонок, нехватка памяти. Научимся тестировать восстановление состояния через adb-команды и многое другое.
Service. Фоновая работа и взаимодействие с системой. Покажем, как проверять корректность работы аудиоплеера в foreground/background-режимах и при системных ограничениях.
BroadcastReceiver. Тестирование реакции на системные и кастомные события, такие как отключение наушников или низкий заряд батареи, с помощью симуляции через adb.
ContentProvider — проверка операций CRUD и где здесь могут быть ошибки.
В результате вы получите системное представление о тестировании Android-приложений на уровне платформы — с практическими примерами, которые можно применить сразу после доклада. Это подход, который делает тестировщика незаменимым и заметно повышает его ценность на рынке."
Нагрузочное тестирование enterprise NGFW с помощью опенсорс-нагрузчика Cisco TRex,"Сергей Бондарев, Максим Рогожников",3,"InfoWatch, Т-Банк",19-11-2025,13:00,13:45,Load Testing,Heisenbug,"Как реализовать нагрузочное тестирования NGFW с помощью опенсорс-нагрузчика Cisco TRex.

Сейчас у отечественных компаний есть проблема с покупкой западных нагрузчиков. Проблема обусловлена ограничением поставок, ограничениями лицензирования и поддержки, а также огромной стоимостью решений, доходящей до десятка, а иногда и сотни млн. рублей.

Расскажу про архитектуру Cisco TRex, принципы работы, организацию стендов в лабораторных условиях, реализацию нагрузочного тестирования трафиком, состоящим из множества протоколов.

Валидация и анализ результата нагрузочного тестирования

Целевая аудитория: инженеры нагрузочного тестирования, разработчики."
Собеседование QA под нейросетью: когда ИИ говорит «Да»,"Михаил Новотарский, Евгений Гребенщиков",1,Сбер,19-11-2025,14:15,15:00,AI,Heisenbug,"ИИ всё активнее участвует в собеседованиях — генерирует тестовые задания, оценивает мотивацию кандидата, анализирует голос и даже принимает финальное решение.

Что будет в докладе:

покажем, как ИИ уже используется в собеседованиях QA (и не только);
разберем 5 агентов, которые могут полностью заменить этапы интервью (или попытаться это сделать);
расскажем, как кандидаты используют ИИ против интервьюеров: от вымышленной карьеры до deepfake-обманок (но вам так делать не рекомендуем);
дадим практические советы — как вооружиться ИИ и не дать себя обмануть, будь вы на стороне работодателя или кандидата.
Это не про будущее. Это про то, как собеседуют прямо сейчас."
Как мы меняли Postman на Hoppscotch,"Дмитрий Муковкин, Юлия Атлыгина",2,"Koronatech, Tempo",19-11-2025,14:15,15:00,Tools/Frameworks,Heisenbug,"Мы перевели производство с Postman на Hoppscotch. Основные предпосылки такого решения — фундаментальные проблемы с безопасностью. Расскажу на нашем примере, как команда по безопасности решилась инициировать такую фундаментальную активность и как мы пошагово ее выполняли. Почему дальше с Postman нам было не по пути, как рассматривали аналоги и почему выбрали Hoppscotch.

Расскажу, с какими задачами и проблемами столкнулись на пути переезда. Как дорабатывали опенсорс-продукт, организовывали сборку приложения. Какие доработки пришлось выполнить, какие изменения предложили мировому сообществу и как авторы репозитория работают с пользовательскими предложениями. Отдельное внимание уделю тому, как переводили наше производство и какие функции нам не удалось заместить. Также перечислю ошибки, которые мы совершили.

Доклад будет интересен крупным компаниям и командам, уделяющим внимание вопросам безопасности. Цель доклада — подсветить актуальную проблему использования самого популярного инструмента и на собственном примере показать, что переезд возможен."
Env-тесты: как упростить жизнь разработчикам и тестировщикам,"Василий Кирнос, Григорий Кошелев
",3,"РСХБ.цифра, Контур",19-11-2025,14:15,15:00,Infrastructure,Heisenbug,"Быстрая обратная связь при разработке и тестировании — это база DevOps. Env-тесты представляют собой промежуточный слой между unit-тестами и E2E-тестами, позволяя разработчикам и тестировщикам быстро проверять изменения контроллеров и вебхуков в изолированном окружении. Рассмотрю концепцию Env-тестов, их место в архитектуре разработки и тестирования операторов, а также практические выгоды от их внедрения. Мы обсудим, как этот подход помогает:

— ускорить цикл разработки,

— улучшить качество кода,

— сократить время на отладку, 

— упростить интеграцию в CI/CD.

Расскажем о внутреннем опыте внедрения Env-тестов, их ограничениях, как с ними работать."
Тест-кейсы как код. Как реализовать и как с этим живется в большой команде,"Дмитрий Шахов, Игорь Балагуров",1,"Ozon Банк",19-11-2025,15:30,16:15,Automation,Heisenbug,"Доклад посвящен практическому опыту внедрения подхода «Тест-кейсы как код» в масштабе крупного финтех-продукта. Вы узнаете, как нам живется с данным подходом, и как реализовать у себя подобную систему, при которой тест-кейсы становятся единственным источником правды, документация живет прямо в коде, а 80% релизов проходят без ручного вмешательства QA.

В докладе рассматриваются:

Архитектурные решения
Технические детали
Кастомные инструменты
Интеграция с CI/CD
Практические результаты"
Appium-тесты на ARM и управление девайсами — легко!,"Андрей Щербаков, Алексей Тюрин",2,"Okko, Exness",19-11-2025,15:30,16:15,Mobile,Heisenbug,"В прошлом выпуске мы запускали актуальный Android на старом Selenoid, а сегодня будем делать всё по-взрослому — на нативном ARM.

Прямо на докладе мы напишем и протестируем с вами менеджер виртуальных машин Android на FastAPI, а я расскажу, в какие стороны можно его развить. В том числе чтобы сделать для Manual QA стабильную и удобную ферму реальных устройств и эмуляторов :)"
Тестирование с заботой: реальный опыт QA в медицинском проекте для будущих мам,"Ника Малиновская, Юлия Атлыгина",3,"Effective, Tempo",19-11-2025,15:30,16:15,Best Practices,Heisenbug,"Поговорим о тестировании проекта, состоящего из трех смежных приложений и Bluetooth-устройства. Рассмотрим работу с реальными устройствами, где:

батарея может садиться;
устройство может быть на зарядке (и отключено от Bluetooth);
сигнал нестабилен;
приложение может быть в фоне или закрыто.
И как можно упростить себе жизнь таблицами представлений переходов."
Взлом AI-агентов: прикладная инструкция к уязвимостям LLM и тулов,"Александр Князев, Александра Сватикова",1,"AMA, Т-Банк",19-11-2025,16:45,17:30,Security,Heisenbug,"Доклад о популярных векторах атак на веб-приложения с AI-агентами. Покажу реальные примеры атак на API, которые могут привести к компрометации системы, раскрытию данных и выполнению нежелательных действий. Разберу несколько разных кейсов атак: прямое и непрямое внедрение промпта, отыгрыш ролей, смена контекста с помощью контекстных токенов. Я даже заставлю LLM провернуть XSS-атаку на другую «жертву»."
Как особенности Python и Pytest могут поломать backend-автотесты,"Алексей Консманов, Татьяна Романова",2,"Ozon Банк",19-11-2025,16:45,17:30,Automation,Heisenbug,"Доклад на тему поиска, минимизации и устранения влияния тестового фреймворка и языковых особенностей Python & Pytest на flaky-тесты бэкенда. Цель — систематизировать и показать потенциальные риски: как избегать их еще до запуска тестов. Будут примеры с Python 3 и pytest. 

В коде автотестов есть нюансы и скрытые проблемы, которые сломают тест. Обсудим best practices, как таких проблем избежать. Разберем, какие проблемы могут сломать один тест, какие могут поломать всю тестовую сессию и окружение. Как искать такие тесты, какие есть лучшие практики по написанию flaky-free кода.

Сначала обсудим, что такое flaky, и сразу ограничим тематику flaky, вызванного языковыми и фреймворк-особенностями. Далее разберем конкретные код-кейсы: почему этот код кажется «ок», какая тут проблема, как ее избежать. В заключении вы получите чек-лист, который поможет избежать упомянутых проблем.

Целевая аудитория: Python AQA любого уровня, Python разработчики, Python SDETы и DevOps. Jinor & middle инженеры узнают новое, а senior-специалисты смогут систематизировать свои знания. Материал будет углубленным, будем разбирать практические примеры багов и фиксов на Python + pytest. Кроме того, будем разбирать специфику Python+pytest ecosystem."
"От старых окон к новым пингвинам: лайфхаки тестирования
миграции ОС","Леонид Глазков, Владимир Евдокимов",3,Сбер,19-11-2025,16:45,17:30,Tools/Frameworks,Heisenbug,"Операционные системы постоянно развиваются, и переход с одной платформы на другую становится реальностью для многих компаний.

Миграция сопровождается множеством нюансов: совместимость приложений, перенос данных, настройка окружений, производительность. Важнейшая роль здесь у тестирования — оно позволяет выявить потенциальные проблемы до внедрения и обеспечить стабильность инфраструктуры.

В докладе расскажем про эволюцию развития операционных систем и рассмотрим ключевые аспекты миграции между Windows и Linux: регресс функциональности, узкие места производительности и особенности тестирования ОС. Поделимся практическими примерами, показывающими, почему миграция — это всегда вызов и насколько критично здесь грамотное тестирование."
Как разрабатываются и тестируются новые лекарства,"Александр Надолинский, Мария Кондаурова",1,BIOCAD,19-11-2025,18:00,18:45,,Heisenbug,"Разработка нового препарата — это длинный и дорогой путь от молекулы до готового лекарства. Ошибки на ранних стадиях могут стоить миллиардов, поэтому ключевая роль здесь у тестирования.

В докладе разберем, какие типы тестов применяются в фарме: от клеточных систем, которые позволяют буквально заглянуть внутрь клетки и увидеть действие молекулы, до компьютерных инструментов и валидации ПО. Поговорим, как создаются специальные клеточные линии, зачем в них «встраивают светлячков» и почему для каждого механизма действия приходится разрабатывать новый тест.

Мы увидим, что тестирование — это не только про софт, но и про науку, где проверка гипотез, эффектов и сигналов в клетках столь же важна, как и классические методы QA."
"Как успеть протестировать устройство, пока оно едет по конвейеру на заводе","Никита Зубков, Софья Селезнева",3,"Яндекс, Гранч",19-11-2025,18:00,18:45,Hardware,Heisenbug,"Мы в Яндексе постоянно разрабатываем новые устройства, и производственный цикл каждого устройства отличается. В докладе я расскажу, в чем отличия тестирования на производственной линии от других видов тестирования; как выглядит производство, и какие неочевидные сложности встречают нас на нем; что проверяют тестовые стенды для умных устройств, и почему каждый — уникальный; с чего начать интеграцию своих тестов в производственную линию и как меняются подходы к разработке системы контроля качества на заводе с ростом количества новых запусков."
Следуй за белым кроликом,"Артем Ерошенко, Софья Селезнева",1,"Allure Team, Гранч",20-11-2025,10:30,11:15,AI,Heisenbug,"Проснись, {{username}}.

Ты уверен, что мир вокруг настоящий? Коллега, который пишет тебе в чате, или тот, кто ревьюит твой тест-кейс… а если это не человек? А если это уже программа?

AI-агенты — это автономные системы, которые воспринимают окружение, принимают решения и выполняют действия для достижения целей. В отличие от обычных скриптов, они адаптируются к контексту и могут работать с непредсказуемыми данными.

В докладе разберем конкретные технологии: как агенты используют RAG для сохранения памяти, работают с внешними инструментами через API и координируются в multi-agent системах. Рассмотрим практические реализации в n8n, различные фреймворки для создания агентов и посмотрим видео примеров использования.

Белый кролик уже пробежал мимо. Вопрос только в том, последуешь ли ты за ним? После доклада у вас будет понимание того, как начать использовать агентов уже сегодня, пока остальные еще раздумывают."
Браузерные инструменты: пишем свое расширение,"Алексей Иванов, Борис Мошнин",1,"2ГИС, SM Lab",20-11-2025,11:45,12:30,Tools/Frameworks,Heisenbug,"Иногда для тестирования не хватает одной кнопки в интерфейсе… и тогда мы можем добавить ее сами.

Расскажу, как создать собственное браузерное расширение под задачи QA. Обсудим отправку HTTP-запросов, работу с DOM, быстрые проверки и сохранение настроек.

На живом примере вы увидите расширение, которое экономит время тестировщика и автоматизирует рутину прямо в браузере. Так же сможете скачать темплейт и сделать расширение сами, после просмотра доклада"
E2E-тесты в синтезе речи: от хаоса к системе,"Руслан Федас, Авенир Воронов",2,"Т-Банк, Explyt",20-11-2025,11:45,12:30,Automation,Heisenbug,"Спойлер: в этом докладе мы не будем рассматривать ML-часть вопроса.

Этот доклад скорее для инженеров, работающих с бекэнд-системами, которые хотят не просто писать тесты, а понимать, как устроена автоматизация сложных продуктов от идеи до работающей инфраструктуры.

Ведь тестирование синтеза речи — это не классический E2E, где нужно проверить поля в JSON-ответе. В аудиосервисах всё сложнее: продукт неидемпотентный, а результат — звук, который нельзя просто взять и сравнить побайтово. 

Расскажу, с какими проблемами сталкивается QA, когда приходит в мир синтеза речи, и какие решения помогают превратить хаотичный процесс в системное E2E-тестирование. Мы обсудим:

— Как компьютер, который не слышит звук, может сравнивать его?

— Как тестировать синтезированное аудио и какие проблемы нас поджидают?

— Какой пайплайн автотестов мы построили с нуля, используя доступные каждому инструменты: Python, pytest, S3 и gitlab CI.

И даже если сейчас ваши сервисы не поддерживают голосовое взаимодействие «человек — сервис», то, учитывая скорость проникновения LLM в нашу индустрию, очень скоро начнут, а вам нужно будет уметь это тестировать :)"
QA — лучшие друзья AppSec'ов,"Андрей Кан, Александра Сватикова",3,"Ozon Банк, Т-Банк",20-11-2025,11:45,12:30,Security,Heisenbug,"Суть доклада: показать, как, используя инструменты/артефакты QA, мы улучшаем процессы AppSec.

Целевая аудитория: AppSec-инженеры/менеджеры, QA.

Технологии: 

— Allure и свой фреймворк тестирования — используют, разрабатывают QA.

— nuclei — инструмент динамического тестирования безопасности (DAST), представляет собой движок, который исполняет шаблоны в виде YAML (nuclei template доступен по ссылке). С помощью шаблонов можно создавать гибкие правила тестирования безопасности. На основе этого инструмента мы реализовываем и реализовали свои тесты безопасности.

Контекст:

На основе артефактов (HTTP-трафик, код) E2E-тестов QA мы построили инструмент поиска уязвимости IDOR (Insecure Direct Object References). Инструмент работает в пилотном режиме. Новый подход подвиг нас на переосмысление классического подхода к динамическому тестированию безопасности (DAST) и перестроение процесса динамического сканирования в сторону бизнес-процессов с помощью артефактов E2E-тестов."
Прогрессивные веб-приложения и их автотесты,"Ирина Стяжкина, Дмитрий Тучс",1,"Ozon Банк, Dodo Engineering",20-11-2025,13:00,13:45,Automation,Heisenbug,"Посмотрим, что представляет из себя PWA сегодня (что это такое, как технически устроено), и на то, как такие приложения работают с разными системными API телефона.

Основная часть доклада будет посвящена нюансам автоматизации тестирования PWA. Поговорим о том, как покрыть автотестами работу с камерой, пушами, контактами и аутентификацией и какие фичи Playwright нам помогут это сделать. Также посмотрим, где сегодня Playwirght бессилен, и как в таком случае быть.

Разберемся, что за файл такой manifest.json и чем PWA отличаются от гибридных приложений с native bridge. Поможет нам в этом маленький, но амбициозным проект на GItHub — Niffler."
Автогенерация тестов в IDE: как RAG + LLM превращают ручные сценарии в код,"Александр Поляков, Михаил Новотарский",2,Сбер,20-11-2025,13:00,13:45,AI,Heisenbug,"Ручная генерация автотестов — это потеря времени, дублирование и лишняя когнитивная нагрузка. Покажу, как конвейер RAG + LLM внутри IDE решает эту проблему: индексирует существующие тесты, находит похожие шаги и предлагает готовый код прямо в вашей среде разработки. Вы узнаете, как уже сегодня можно экономить до 30% времени на рутине и повысить согласованность тестов в команде.

Что будет в докладе:

обзор архитектуры плагина (IDE Plugin + LLM Gateway + Vector DB);
демонстрация рабочих кейсов и первых результатов;
инструкции, как запустить технологию и начать экономить время прямо сейчас."
"Debug Once, Test Forever: Turning Execution Paths into Tests","Даниил Степанов, Григорий Кошелев",3,"Explyt, Контур",20-11-2025,13:00,13:45,Tools/Frameworks,Heisenbug,"Расскажу о новой функциональности плагина explyt-test для IntelliJ IDEA, которая позволяет захватывать реальные исполнения Java/Kotlin-кода и автоматически генерировать по ним полноценные тесты.

Вы запускаете приложение (локально или удаленно), работаете с ним как обычно — а система в фоновом режиме фиксирует все ключевые данные: аргументы, возвращаемые значения, исключения, цепочку вызовов, состояние объектов. На основе этой трассы строится тест — понятный, точный, воспроизводимый. Простые объекты восстанавливаются через конструкторы, сложные зависимости заменяются моками, сериализуемые структуры превращаются в JSON. В финале используется LLM для доводки теста: код становится чистым, читаемым и соответствующим стилю проекта.

Разберемся, как эта технология работает изнутри: как происходит реконструкция объектов, какие эвристики используются для генерации и как сделать так, чтобы тесты были не только полезны, но и красивы. Все покажу на живой демонстрации: от взаимодействия с веб-интерфейсом до генерации теста, фиксирующего вызов бэкенд-сервиса."
Пусть говорят: как интерфейс заговорил на языке доступности,"Алевтина Чугунова, Дарья Каткова",1,Сбер,20-11-2025,14:15,15:00,Mobile,Heisenbug,"Поговорим о том, как сделать мобильные приложения удобными для тех, кто не смотрит на экран, а слушает его.

Этот доклад — путеводитель по тестированию доступности интерфейсов с помощью скринридеров TalkBack и VoiceOver. Мы покажем, как работают эти технологии, кому они действительно помогают (спойлер: не только незрячим) и что может пойти не так, если просто забыть про доступность.

Вы узнаете:

Как включить и использовать TalkBack и VoiceOver на Android и iOS.
Что и как должен озвучивать интерфейс.
Как дизайн-система может дать доступность «из коробки».
С какими граблями сталкиваются даже опытные команды.
И, конечно, получите чек-лист, с которым сможете проверить любой продукт. Доступность — это не про дополнительные настройки, а про заботу о реальных людях."
"Тестирование пассивного поведения системы. Как проверить, что система молчит не потому, что умерла","Анфиса Лаврова, Владимир Ситников",2,Синимекс,20-11-2025,14:15,15:00,Automation,Heisenbug,"Как убедиться, что система не умерла, а просто честно ждет? Разберу, как проводить функциональное тестирование пассивного поведения: режимы ожидания системы, очереди, паузы и отложенные фазы работы приложения. Расскажу:

— как писать тесты, которые проверяют отсутствие активности, а не ее наличие;

— какие метрики помогают отличить тишину от падения и как использовать их в тестах;

— как проверять логирование.

Приведу примеры кода тестов на Python.

Материал будет интересен не только автоматизаторам, но и тест-дизайнерам и ручным тестировщикам."
Миграция тестов в Linux,"Александр Шарков, Леонид Глазков",3,"Монитор Электрик, Сбер",20-11-2025,14:15,15:00,Tools/Frameworks,Heisenbug,"Мир десктопных автотестов в России меняется — Linux так или иначе вытеснит Windows с поля операционных систем в госсекторе.

Что будут делать компании, которые долгие годы делали софт под Windows?

Как будут адаптироваться тестировщики, которые под этот софт писали автотесты?

С какими проблемами мы столкнулись в автоматизации и как Microsoft помог нам их решить.

Просто и понятно объясню, как устроена автоматизация в Linux (X11, Wine, Avalonia), и мы вместе напишем драйвер для управления приложениями. А в конце покажу, как подключить стильные отчеты из Playwright к любым тестам."
AI-генерация тестовых данных. От DataFaker к AI-агентам,"Артем Симешин, Михаил Новотарский",1,Сбер,20-11-2025,15:30,16:15,AI,Heisenbug,"Расскажу про развитие генерации тестовых данных: от ручного труда и статичной генерации с шаблонизацей до полностью автоматизированной через AI-агентов с динамичной адаптацией под меняющиеся условия.

Обсудим плюсы и минусы каждого подхода — с примерами используемых промптов и моделей — а также нюансы и лайфхаки при генерации. Покажу пример агента для генерации тестовых данных на Java & Spring AI.

Если успеем, поговорим про развитие GenAI в QA и не только."
"От «кажется, медленно» до точных метрик: объективная оценка производительности фронтенда","София Литвинова, Максим Рогожников",2,"2GIS, Т-Банк",20-11-2025,15:30,16:15,Load Testing,Heisenbug,"Команды часто полагаются на субъективные оценки производительности приложения или ограничиваются разовыми замерами в DevTools, что не дает полной картины. Это приводит к позднему обнаружению проблем, потере пользователей и неэффективным оптимизациям. Борьба с медленной работой приложения начинается, только когда клиенты уже жалуются, и к этому моменту компания уже теряет деньги.

Представлю готовое решение, которое позволит выстроить систему для непрерывного мониторинга клиентской производительности на базе Sitespeed.io, Lighthouse и Grafana.

Покажу, как мы встроили тестирование производительности в контур с кэширующим прокси для получения стабильных и воспроизводимых метрик.

Доклад будет полезен QA-инженерам, тимлидам и фронтенд-разработчикам из компаний любых масштабов."
"Как замокать весь МИР, карты и всё, что угодно","Алексей Тишкин, Игорь Балагуров",3,Ozon Банк,20-11-2025,15:30,16:15,Infrastructure,Heisenbug,"Поговорим о тестирование интеграций с внешними зависимостями, о моках в общем.

Что делать когда готовых решений нет или они не соответствуют требованиям и ограничивают или тормозят процессы, а тестировать интеграцию надо?

Правильно - делать своё решение.

Сложно ли это? Делал ли кто-то так? Универсальное или точечно ? Работает ли это в долгую?

Да, мы так делали и делаем, уже давно так живём и готовы поделиться опытом.

Реальные примеры, бест-практис, рекомендации, профит - об этом доклад."
Переход от автоматизации к роботизации: эволюция QA,"Денис Сибирцев, Авенир Воронов
",1,"Т-Банк, Explyt",20-11-2025,16:45,17:30,Hardware,Heisenbug,"Внедрение автоматизации в тестирование физических устройств — сложная задача, особенно когда речь идет о сложных системах с тесной связкой «железо + ПО». В отделе разработки банкоматов мы столкнулись с этой проблемой, когда стандартное ручное тестирование банкоматов стало сильно увеличивать время поставки — и поняли, что пришло время искать новый подход.

Из доклада вы узнаете:

Почему мы приняли решение пойти по пути роботизации тестирования.
Как выбирали оборудование и адаптировали его под наши задачи.
Какие сложности возникли на этапе внедрения — от калибровки до интеграции с существующими системами.
Как нам удалось превратить робота из «коробочного решения» в гибкий и надежный инструмент QA.
Каких результатов удалось достичь и что планируем развивать дальше.
Будет полезно QA-инженерам, тест-менеджерам и всем, кто интересуется автоматизацией, роботизацией и тестированием сложных систем."
Автотесты мобильных приложений 360,"Сергей Балалаев",2,Ozon,20-11-2025,16:45,17:30,Mobile,Heisenbug,"Полное покрытие мобильных приложений автотестами — вы когда-нибудь слышали о таком? У нас в Ozon этой задачей занимается не только группа разработчиков, но и тестировщики — в единой команде. В докладе расскажу, какими видами автотестов мы покрывали различные функциональности и какие использовали инструменты, чтобы получить оптимальный результат по затратам на кодинг для получения полного покрытия с неформальной точки зрения. Поговорим о Unit-тестировании, покрытии снепшотами, стабилизации навигации приложения, особенностях организации UI-тестов. Затронем тему моков данных, проксирования сетевых запросов. Обсудим сторонние и собственные инструменты, доступные в open source."
Игра в данные: как не проиграть в битве за точность,"Вадим Пашковский, Юлия Атлыгина ",3,"ASTON, Tempo",20-11-2025,16:45,17:30,Best Practices,Heisenbug,"Тестирование систем веб-аналитики необходимо для обеспечения точности собираемых данных, которые используются для принятия бизнес-решений, улучшения сайта и маркетинговых кампаний, а также для оптимизации пользовательского опыта и снижения затрат. Правильная настройка аналитики позволяет корректно оценивать эффективность рекламных каналов, понимать поведение целевой аудитории и выявлять технические проблемы ресурса. Этот доклад поможет вам в построении надежной системы проверки данных: от интеграции и валидации событий до предотвращения потерь и искажений.

Вы узнаете:

Какие виды и инструменты тестирования критически важны для веб-аналитики (функциональное, интеграционное, нагрузочное, тестирование безопасности).
Какие существуют приемы и инструменты для валидации данных в популярных системах (Google Analytics, Яндекс Метрике, Amplitude и др.).
Как минимизировать ключевые риски: потерю данных, искажение метрик, проблемы с производительностью и конфиденциальностью.
Получите структурированный подход к тестированию систем аналитики, позволяющий обеспечить высочайшее качество данных и избежать дорогостоящих ошибок, построенных на ложных метриках.

Будет полезно QA-инженерам всех уровней, разработчикам, отвечающим за интеграцию аналитических сервисов, продакт- и дата-аналитикам, заинтересованным в достоверности собираемых данных."
"Матерюсь — значит, существую","Юлия Афонина, Андрей Дмитриев",1,JUG Ru Group,20-11-2025,18:00,18:45,,Heisenbug,"Ругательства давно стали частью человеческой речи, но их роль куда интереснее, чем просто эмоциональная окраска. Может ли мат работать как допинг и даже спасти жизнь? Правда ли, что он разрушает ДНК, или это всего лишь миф? Почему мат в какой-то момент оказался «плохим» и как к нему относятся сегодня? Что современные исследования говорят о матерящихся людях? Какие новые открытия ждут нас в понимании этого феномена языка и психики?"
Закрытие конференции Heisenbug 2025 Autumn,"Авенир Воронов, Софья Селезнева",1,"Explyt, Гранч",20-11-2025,18:50,19:00,,Heisenbug,"Подводим итоги, вспоминаем яркие моменты и рассказываем о планах. Приходите в зал или подключайтесь к трансляции, чтобы ничего не пропустить!"